Workbook

Sheet Data
A1: SKU | B1: Device ID | C1: Grading Status | D1: Warehouse | F1: Invoice | G1: Найдено? | H1: Дубровин | I1: Рамила | J1: Даут | K1: Грейдинг | L1: Сервис | N1: Invoice | O1: Q-ty | P1: Найдено | Q1: Осталось
A2: 2Q00019734 | B2: 260226125322840892 | C2: =+_xlfn.XLOOKUP(B2,'[1]export (36)'!$AA:$AA,'[1]export (36)'!$N:$N,0) -> TI received 2nd life | D2: =_xlfn.XLOOKUP(B2,'[1]export (36)'!$AA:$AA,'[1]export (36)'!$R:$R,0) -> Export WHS | E2: 85 | F2: 126420001296 | G2: =IF(OR(H2=A2,I2=A2,J2=A2,K2=A2,L2=A2),"Найдено","Не найдено") -> Не найдено | H2: =_xlfn.XLOOKUP(B:B,Дубровин!A:A,Дубровин!B:B,"НЕ НАЙДЕНО") -> НЕ НАЙДЕНО | I2: =_xlfn.XLOOKUP(B:B,Рамила!A:A,Рамила!B:B,"НЕ НАЙДЕНО") -> НЕ НАЙДЕНО | J2: =_xlfn.XLOOKUP(B:B,Даут!A:A,Даут!B:B,"НЕ НАЙДЕНО") -> НЕ НАЙДЕНО | K2: =_xlfn.XLOOKUP(B:B,Грейдинг!A:A,Грейдинг!B:B,"НЕ НАЙДЕНО") -> НЕ НАЙДЕНО | L2: =_xlfn.XLOOKUP(B:B,Сервис!A:A,Сервис!B:B,"НЕ НАЙДЕНО") -> НЕ НАЙДЕНО | N2: 126420001296 | O2: =COUNTIF(F:F,N2) -> 140 | P2: =COUNTIFS(F:F,N2,G:G,"Найдено") -> 0 | Q2: =O2-P2 -> 140
A3: 2Q00019733 | B3: 260226125322501296 | C3: =+_xlfn.XLOOKUP(B3,'[1]export (36)'!$AA:$AA,'[1]export (36)'!$N:$N,0) -> TI received 2nd life | D3: =_xlfn.XLOOKUP(B3,'[1]export (36)'!$AA:$AA,'[1]export (36)'!$R:$R,0) -> Export WHS | E3: 85 | F3: 126420001296 | G3: =IF(OR(H3=A3,I3=A3,J3=A3,K3=A3,L3=A3),"Найдено","Не найдено") -> Не найдено | H3: =_xlfn.XLOOKUP(B:B,Дубровин!A:A,Дубровин!B:B,"НЕ НАЙДЕНО") -> НЕ НАЙДЕНО | I3: =_xlfn.XLOOKUP(B:B,Рамила!A:A,Рамила!B:B,"НЕ НАЙДЕНО") -> НЕ НАЙДЕНО | J3: =_xlfn.XLOOKUP(B:B,Даут!A:A,Даут!B:B,"НЕ НАЙДЕНО") -> НЕ НАЙДЕНО | K3: =_xlfn.XLOOKUP(B:B,Грейдинг!A:A,Грейдинг!B:B,"НЕ НАЙДЕНО") -> НЕ НАЙДЕНО | L3: =_xlfn.XLOOKUP(B:B,Сервис!A:A,Сервис!B:B,"НЕ НАЙДЕНО") -> НЕ НАЙДЕНО | N3: 126420001297 | O3: =COUNTIF(F:F,N3) -> 140 | P3: =COUNTIFS(F:F,N3,G:G,"Найдено") -> 0 | Q3: =O3-P3 -> 140
A4: 2Q00019732 | B4: 260226125322159982 | C4: =+_xlfn.XLOOKUP(B4,'[1]export (36)'!$AA:$AA,'[1]export (36)'!$N:$N,0) -> TI received 2nd life | D4: =_xlfn.XLOOKUP(B4,'[1]export (36)'!$AA:$AA,'[1]export (36)'!$R:$R,0) -> Export WHS | E4: 81 | F4: 126420001296 | G4: =IF(OR(H4=A4,I4=A4,J4=A4,K4=A4,L4=A4),"Найдено","Не найдено") -> Не найдено | H4: =_xlfn.XLOOKUP(B:B,Дубровин!A:A,Дубровин!B:B,"НЕ НАЙДЕНО") -> НЕ НАЙДЕНО | I4: =_xlfn.XLOOKUP(B:B,Рамила!A:A,Рамила!B:B,"НЕ НАЙДЕНО") -> НЕ НАЙДЕНО | J4: =_xlfn.XLOOKUP(B:B,Даут!A:A,Даут!B:B,"НЕ НАЙДЕНО") -> НЕ НАЙДЕНО | K4: =_xlfn.XLOOKUP(B:B,Грейдинг!A:A,Грейдинг!B:B,"НЕ НАЙДЕНО") -> НЕ НАЙДЕНО | L4: =_xlfn.XLOOKUP(B:B,Сервис!A:A,Сервис!B:B,"НЕ НАЙДЕНО") -> НЕ НАЙДЕНО | N4: 126420001298 | O4: =COUNTIF(F:F,N4) -> 57 | P4: =COUNTIFS(F:F,N4,G:G,"Найдено") -> 0 | Q4: =O4-P4 -> 57
A5: 2Q00019731 | B5: 260226125321818907 | C5: =+_xlfn.XLOOKUP(B5,'[1]export (36)'!$AA:$AA,'[1]export (36)'!$N:$N,0) -> TI received 2nd life | D5: =_xlfn.XLOOKUP(B5,'[1]export (36)'!$AA:$AA,'[1]export (36)'!$R:$R,0) -> Export WHS | E5: 91 | F5: 126420001296 | G5: =IF(OR(H5=A5,I5=A5,J5=A5,K5=A5,L5=A5),"Найдено","Не найдено") -> Не найдено | H5: =_xlfn.XLOOKUP(B:B,Дубровин!A:A,Дубровин!B:B,"НЕ НАЙДЕНО") -> НЕ НАЙДЕНО | I5: =_xlfn.XLOOKUP(B:B,Рамила!A:A,Рамила!B:B,"НЕ НАЙДЕНО") -> НЕ НАЙДЕНО | J5: =_xlfn.XLOOKUP(B:B,Даут!A:A,Даут!B:B,"НЕ НАЙДЕНО") -> НЕ НАЙДЕНО | K5: =_xlfn.XLOOKUP(B:B,Грейдинг!A:A,Грейдинг!B:B,"НЕ НАЙДЕНО") -> НЕ НАЙДЕНО | L5: =_xlfn.XLOOKUP(B:B,Сервис!A:A,Сервис!B:B,"НЕ НАЙДЕНО") -> НЕ НАЙДЕНО | N5: 126420001310 | O5: =COUNTIF(F:F,N5) -> 107 | P5: =COUNTIFS(F:F,N5,G:G,"Найдено") -> 0 | Q5: =O5-P5 -> 107
A6: 2Q00019730 | B6: 260226125321476277 | C6: =+_xlfn.XLOOKUP(B6,'[1]export (36)'!$AA:$AA,'[1]export (36)'!$N:$N,0) -> TI received 2nd life | D6: =_xlfn.XLOOKUP(B6,'[1]export (36)'!$AA:$AA,'[1]export (36)'!$R:$R,0) -> Export WHS | E6: 81 | F6: 126420001296 | G6: =IF(OR(H6=A6,I6=A6,J6=A6,K6=A6,L6=A6),"Найдено","Не найдено") -> Не найдено | H6: =_xlfn.XLOOKUP(B:B,Дубровин!A:A,Дубровин!B:B,"НЕ НАЙДЕНО") -> НЕ НАЙДЕНО | I6: =_xlfn.XLOOKUP(B:B,Рамила!A:A,Рамила!B:B,"НЕ НАЙДЕНО") -> НЕ НАЙДЕНО | J6: =_xlfn.XLOOKUP(B:B,Даут!A:A,Даут!B:B,"НЕ НАЙДЕНО") -> НЕ НАЙДЕНО | K6: =_xlfn.XLOOKUP(B:B,Грейдинг!A:A,Грейдинг!B:B,"НЕ НАЙДЕНО") -> НЕ НАЙДЕНО | L6: =_xlfn.XLOOKUP(B:B,Сервис!A:A,Сервис!B:B,"НЕ НАЙДЕНО") -> НЕ НАЙДЕНО | N6: 126420001311 | O6: =COUNTIF(F:F,N6) -> 36 | P6: =COUNTIFS(F:F,N6,G:G,"Найдено") -> 0 | Q6: =O6-P6 -> 36
A7: 2Q00019729 | B7: 260226125321130558 | C7: =+_xlfn.XLOOKUP(B7,'[1]export (36)'!$AA:$AA,'[1]export (36)'!$N:$N,0) -> TI received 2nd life | D7: =_xlfn.XLOOKUP(B7,'[1]export (36)'!$AA:$AA,'[1]export (36)'!$R:$R,0) -> Export WHS | E7: 91 | F7: 126420001296 | G7: =IF(OR(H7=A7,I7=A7,J7=A7,K7=A7,L7=A7),"Найдено","Не найдено") -> Не найдено | H7: =_xlfn.XLOOKUP(B:B,Дубровин!A:A,Дубровин!B:B,"НЕ НАЙДЕНО") -> НЕ НАЙДЕНО | I7: =_xlfn.XLOOKUP(B:B,Рамила!A:A,Рамила!B:B,"НЕ НАЙДЕНО") -> НЕ НАЙДЕНО | J7: =_xlfn.XLOOKUP(B:B,Даут!A:A,Даут!B:B,"НЕ НАЙДЕНО") -> НЕ НАЙДЕНО | K7: =_xlfn.XLOOKUP(B:B,Грейдинг!A:A,Грейдинг!B:B,"НЕ НАЙДЕНО") -> НЕ НАЙДЕНО | L7: =_xlfn.XLOOKUP(B:B,Сервис!A:A,Сервис!B:B,"НЕ НАЙДЕНО") -> НЕ НАЙДЕНО | N7: 126420001312 | O7: =COUNTIF(F:F,N7) -> 140 | P7: =COUNTIFS(F:F,N7,G:G,"Найдено") -> 0 | Q7: =O7-P7 -> 140
A8: 2Q00019728 | B8: 260226125320786276 | C8: =+_xlfn.XLOOKUP(B8,'[1]export (36)'!$AA:$AA,'[1]export (36)'!$N:$N,0) -> TI received 2nd life | D8: =_xlfn.XLOOKUP(B8,'[1]export (36)'!$AA:$AA,'[1]export (36)'!$R:$R,0) -> Export WHS | E8: 81 | F8: 126420001296 | G8: =IF(OR(H8=A8,I8=A8,J8=A8,K8=A8,L8=A8),"Найдено","Не найдено") -> Не найдено | H8: =_xlfn.XLOOKUP(B:B,Дубровин!A:A,Дубровин!B:B,"НЕ НАЙДЕНО") -> НЕ НАЙДЕНО | I8: =_xlfn.XLOOKUP(B:B,Рамила!A:A,Рамила!B:B,"НЕ НАЙДЕНО") -> НЕ НАЙДЕНО | J8: =_xlfn.XLOOKUP(B:B,Даут!A:A,Даут!B:B,"НЕ НАЙДЕНО") -> НЕ НАЙДЕНО | K8: =_xlfn.XLOOKUP(B:B,Грейдинг!A:A,Грейдинг!B:B,"НЕ НАЙДЕНО") -> НЕ НАЙДЕНО | L8: =_xlfn.XLOOKUP(B:B,Сервис!A:A,Сервис!B:B,"НЕ НАЙДЕНО") -> НЕ НАЙДЕНО | N8: 126420001313 | O8: =COUNTIF(F:F,N8) -> 139 | P8: =COUNTIFS(F:F,N8,G:G,"Найдено") -> 0 | Q8: =O8-P8 -> 139
A9: 2Q00019727 | B9: 260226125320426498 | C9: =+_xlfn.XLOOKUP(B9,'[1]export (36)'!$AA:$AA,'[1]export (36)'!$N:$N,0) -> TI received 2nd life | D9: =_xlfn.XLOOKUP(B9,'[1]export (36)'!$AA:$AA,'[1]export (36)'!$R:$R,0) -> Export WHS | E9: 91 | F9: 126420001296 | G9: =IF(OR(H9=A9,I9=A9,J9=A9,K9=A9,L9=A9),"Найдено","Не найдено") -> Не найдено | H9: =_xlfn.XLOOKUP(B:B,Дубровин!A:A,Дубровин!B:B,"НЕ НАЙДЕНО") -> НЕ НАЙДЕНО | I9: =_xlfn.XLOOKUP(B:B,Рамила!A:A,Рамила!B:B,"НЕ НАЙДЕНО") -> НЕ НАЙДЕНО | J9: =_xlfn.XLOOKUP(B:B,Даут!A:A,Даут!B:B,"НЕ НАЙДЕНО") -> НЕ НАЙДЕНО | K9: =_xlfn.XLOOKUP(B:B,Грейдинг!A:A,Грейдинг!B:B,"НЕ НАЙДЕНО") -> НЕ НАЙДЕНО | L9: =_xlfn.XLOOKUP(B:B,Сервис!A:A,Сервис!B:B,"НЕ НАЙДЕНО") -> НЕ НАЙДЕНО | N9: 126420001314 | O9: =COUNTIF(F:F,N9) -> 5 | P9: =COUNTIFS(F:F,N9,G:G,"Найдено") -> 0 | Q9: =O9-P9 -> 5
A10: 2Q00019726 | B10: 260226125320076807 | C10: =+_xlfn.XLOOKUP(B10,'[1]export (36)'!$AA:$AA,'[1]export (36)'!$N:$N,0) -> TI received 2nd life | D10: =_xlfn.XLOOKUP(B10,'[1]export (36)'!$AA:$AA,'[1]export (36)'!$R:$R,0) -> Export WHS | E10: 85 | F10: 126420001296 | G10: =IF(OR(H10=A10,I10=A10,J10=A10,K10=A10,L10=A10),"Найдено","Не найдено") -> Не найдено | H10: =_xlfn.XLOOKUP(B:B,Дубровин!A:A,Дубровин!B:B,"НЕ НАЙДЕНО") -> НЕ НАЙДЕНО | I10: =_xlfn.XLOOKUP(B:B,Рамила!A:A,Рамила!B:B,"НЕ НАЙДЕНО") -> НЕ НАЙДЕНО | J10: =_xlfn.XLOOKUP(B:B,Даут!A:A,Даут!B:B,"НЕ НАЙДЕНО") -> НЕ НАЙДЕНО | K10: =_xlfn.XLOOKUP(B:B,Грейдинг!A:A,Грейдинг!B:B,"НЕ НАЙДЕНО") -> НЕ НАЙДЕНО | L10: =_xlfn.XLOOKUP(B:B,Сервис!A:A,Сервис!B:B,"НЕ НАЙДЕНО") -> НЕ НАЙДЕНО | N10: 126420001315 | O10: =COUNTIF(F:F,N10) -> 45 | P10: =COUNTIFS(F:F,N10,G:G,"Найдено") -> 0 | Q10: =O10-P10 -> 45
A11: 2Q00019725 | B11: 260226125319727548 | C11: =+_xlfn.XLOOKUP(B11,'[1]export (36)'!$AA:$AA,'[1]export (36)'!$N:$N,0) -> TI received 2nd life | D11: =_xlfn.XLOOKUP(B11,'[1]export (36)'!$AA:$AA,'[1]export (36)'!$R:$R,0) -> Export WHS | E11: 72 | F11: 126420001296 | G11: =IF(OR(H11=A11,I11=A11,J11=A11,K11=A11,L11=A11),"Найдено","Не найдено") -> Не найдено | H11: =_xlfn.XLOOKUP(B:B,Дубровин!A:A,Дубровин!B:B,"НЕ НАЙДЕНО") -> НЕ НАЙДЕНО | I11: =_xlfn.XLOOKUP(B:B,Рамила!A:A,Рамила!B:B,"НЕ НАЙДЕНО") -> НЕ НАЙДЕНО | J11: =_xlfn.XLOOKUP(B:B,Даут!A:A,Даут!B:B,"НЕ НАЙДЕНО") -> НЕ НАЙДЕНО | K11: =_xlfn.XLOOKUP(B:B,Грейдинг!A:A,Грейдинг!B:B,"НЕ НАЙДЕНО") -> НЕ НАЙДЕНО | L11: =_xlfn.XLOOKUP(B:B,Сервис!A:A,Сервис!B:B,"НЕ НАЙДЕНО") -> НЕ НАЙДЕНО | N11: 126420001316 | O11: =COUNTIF(F:F,N11) -> 140 | P11: =COUNTIFS(F:F,N11,G:G,"Найдено") -> 0 | Q11: =O11-P11 -> 140
A12: 2Q00019724 | B12: 260226125319379663 | C12: =+_xlfn.XLOOKUP(B12,'[1]export (36)'!$AA:$AA,'[1]export (36)'!$N:$N,0) -> TI received 2nd life | D12: =_xlfn.XLOOKUP(B12,'[1]export (36)'!$AA:$AA,'[1]export (36)'!$R:$R,0) -> Export WHS | E12: 91 | F12: 126420001296 | G12: =IF(OR(H12=A12,I12=A12,J12=A12,K12=A12,L12=A12),"Найдено","Не найдено") -> Не найдено | H12: =_xlfn.XLOOKUP(B:B,Дубровин!A:A,Дубровин!B:B,"НЕ НАЙДЕНО") -> НЕ НАЙДЕНО | I12: =_xlfn.XLOOKUP(B:B,Рамила!A:A,Рамила!B:B,"НЕ НАЙДЕНО") -> НЕ НАЙДЕНО | J12: =_xlfn.XLOOKUP(B:B,Даут!A:A,Даут!B:B,"НЕ НАЙДЕНО") -> НЕ НАЙДЕНО | K12: =_xlfn.XLOOKUP(B:B,Грейдинг!A:A,Грейдинг!B:B,"НЕ НАЙДЕНО") -> НЕ НАЙДЕНО | L12: =_xlfn.XLOOKUP(B:B,Сервис!A:A,Сервис!B:B,"НЕ НАЙДЕНО") -> НЕ НАЙДЕНО | N12: 126420001317 | O12: =COUNTIF(F:F,N12) -> 121 | P12: =COUNTIFS(F:F,N12,G:G,"Найдено") -> 0 | Q12: =O12-P12 -> 121
A13: 2Q00019723 | B13: 260226125319033963 | C13: =+_xlfn.XLOOKUP(B13,'[1]export (36)'!$AA:$AA,'[1]export (36)'!$N:$N,0) -> TI received 2nd life | D13: =_xlfn.XLOOKUP(B13,'[1]export (36)'!$AA:$AA,'[1]export (36)'!$R:$R,0) -> Export WHS | E13: 91 | F13: 126420001296 | G13: =IF(OR(H13=A13,I13=A13,J13=A13,K13=A13,L13=A13),"Найдено","Не найдено") -> Не найдено | H13: =_xlfn.XLOOKUP(B:B,Дубровин!A:A,Дубровин!B:B,"НЕ НАЙДЕНО") -> НЕ НАЙДЕНО | I13: =_xlfn.XLOOKUP(B:B,Рамила!A:A,Рамила!B:B,"НЕ НАЙДЕНО") -> НЕ НАЙДЕНО | J13: =_xlfn.XLOOKUP(B:B,Даут!A:A,Даут!B:B,"НЕ НАЙДЕНО") -> НЕ НАЙДЕНО | K13: =_xlfn.XLOOKUP(B:B,Грейдинг!A:A,Грейдинг!B:B,"НЕ НАЙДЕНО") -> НЕ НАЙДЕНО | L13: =_xlfn.XLOOKUP(B:B,Сервис!A:A,Сервис!B:B,"НЕ НАЙДЕНО") -> НЕ НАЙДЕНО | N13: 126420001318 | O13: =COUNTIF(F:F,N13) -> 140 | P13: =COUNTIFS(F:F,N13,G:G,"Найдено") -> 0 | Q13: =O13-P13 -> 140
... A18: 2Q00019718 | B18: 260226125317281194 | C18: =+_xlfn.XLOOKUP(B18,'[1]export (36)'!$AA:$AA,'[1]export (36)'!$N:$N,0) -> TI received 2nd life | D18: =_xlfn.XLOOKUP(B18,'[1]export (36)'!$AA:$AA,'[1]export (36)'!$R:$R,0) -> Export WHS | E18: 81 | F18: 126420001296 | G18: =IF(OR(H18=A18,I18=A18,J18=A18,K18=A18,L18=A18),"Найдено","Не найдено") -> Не найдено | H18: =_xlfn.XLOOKUP(B:B,Дубровин!A:A,Дубровин!B:B,"НЕ НАЙДЕНО") -> НЕ НАЙДЕНО | I18: =_xlfn.XLOOKUP(B:B,Рамила!A:A,Рамила!B:B,"НЕ НАЙДЕНО") -> НЕ НАЙДЕНО | J18: =_xlfn.XLOOKUP(B:B,Даут!A:A,Даут!B:B,"НЕ НАЙДЕНО") -> НЕ НАЙДЕНО | K18: =_xlfn.XLOOKUP(B:B,Грейдинг!A:A,Грейдинг!B:B,"НЕ НАЙДЕНО") -> НЕ НАЙДЕНО | L18: =_xlfn.XLOOKUP(B:B,Сервис!A:A,Сервис!B:B,"НЕ НАЙДЕНО") -> НЕ НАЙДЕНО | N18: 126420001323 | O18: =COUNTIF(F:F,N18) -> 141 | P18: =COUNTIFS(F:F,N18,G:G,"Найдено") -> 0 | Q18: =O18-P18 -> 141
A19: 2Q00019717 | B19: 260226125316928242 | C19: =+_xlfn.XLOOKUP(B19,'[1]export (36)'!$AA:$AA,'[1]export (36)'!$N:$N,0) -> TI received 2nd life | D19: =_xlfn.XLOOKUP(B19,'[1]export (36)'!$AA:$AA,'[1]export (36)'!$R:$R,0) -> Export WHS | E19: 91 | F19: 126420001296 | G19: =IF(OR(H19=A19,I19=A19,J19=A19,K19=A19,L19=A19),"Найдено","Не найдено") -> Не найдено | H19: =_xlfn.XLOOKUP(B:B,Дубровин!A:A,Дубровин!B:B,"НЕ НАЙДЕНО") -> НЕ НАЙДЕНО | I19: =_xlfn.XLOOKUP(B:B,Рамила!A:A,Рамила!B:B,"НЕ НАЙДЕНО") -> НЕ НАЙДЕНО | J19: =_xlfn.XLOOKUP(B:B,Даут!A:A,Даут!B:B,"НЕ НАЙДЕНО") -> НЕ НАЙДЕНО | K19: =_xlfn.XLOOKUP(B:B,Грейдинг!A:A,Грейдинг!B:B,"НЕ НАЙДЕНО") -> НЕ НАЙДЕНО | L19: =_xlfn.XLOOKUP(B:B,Сервис!A:A,Сервис!B:B,"НЕ НАЙДЕНО") -> НЕ НАЙДЕНО | N19: =COUNTA(N2:N18) -> 17 | O19: =SUM(O2:O18) -> 1816 | P19: =SUM(P2:P18) -> 0 | Q19: =SUM(Q2:Q18) -> 1816
A20: 2Q00019716 | B20: 260226125316586859 | C20: =+_xlfn.XLOOKUP(B20,'[1]export (36)'!$AA:$AA,'[1]export (36)'!$N:$N,0) -> TI received 2nd life | D20: =_xlfn.XLOOKUP(B20,'[1]export (36)'!$AA:$AA,'[1]export (36)'!$R:$R,0) -> Export WHS | E20: 85 | F20: 126420001296 | G20: =IF(OR(H20=A20,I20=A20,J20=A20,K20=A20,L20=A20),"Найдено","Не найдено") -> Не найдено | H20: =_xlfn.XLOOKUP(B:B,Дубровин!A:A,Дубровин!B:B,"НЕ НАЙДЕНО") -> НЕ НАЙДЕНО | I20: =_xlfn.XLOOKUP(B:B,Рамила!A:A,Рамила!B:B,"НЕ НАЙДЕНО") -> НЕ НАЙДЕНО | J20: =_xlfn.XLOOKUP(B:B,Даут!A:A,Даут!B:B,"НЕ НАЙДЕНО") -> НЕ НАЙДЕНО | K20: =_xlfn.XLOOKUP(B:B,Грейдинг!A:A,Грейдинг!B:B,"НЕ НАЙДЕНО") -> НЕ НАЙДЕНО | L20: =_xlfn.XLOOKUP(B:B,Сервис!A:A,Сервис!B:B,"НЕ НАЙДЕНО") -> НЕ НАЙДЕНО
A21: 2Q00019715 | B21: 260226125316249110 | C21: =+_xlfn.XLOOKUP(B21,'[1]export (36)'!$AA:$AA,'[1]export (36)'!$N:$N,0) -> TI received 2nd life | D21: =_xlfn.XLOOKUP(B21,'[1]export (36)'!$AA:$AA,'[1]export (36)'!$R:$R,0) -> Export WHS | E21: 81 | F21: 126420001296 | G21: =IF(OR(H21=A21,I21=A21,J21=A21,K21=A21,L21=A21),"Найдено","Не найдено") -> Не найдено | H21: =_xlfn.XLOOKUP(B:B,Дубровин!A:A,Дубровин!B:B,"НЕ НАЙДЕНО") -> НЕ НАЙДЕНО | I21: =_xlfn.XLOOKUP(B:B,Рамила!A:A,Рамила!B:B,"НЕ НАЙДЕНО") -> НЕ НАЙДЕНО | J21: =_xlfn.XLOOKUP(B:B,Даут!A:A,Даут!B:B,"НЕ НАЙДЕНО") -> НЕ НАЙДЕНО | K21: =_xlfn.XLOOKUP(B:B,Грейдинг!A:A,Грейдинг!B:B,"НЕ НАЙДЕНО") -> НЕ НАЙДЕНО | L21: =_xlfn.XLOOKUP(B:B,Сервис!A:A,Сервис!B:B,"НЕ НАЙДЕНО") -> НЕ НАЙДЕНО
A22: 2Q00019714 | B22: 260226125315907967 | C22: =+_xlfn.XLOOKUP(B22,'[1]export (36)'!$AA:$AA,'[1]export (36)'!$N:$N,0) -> TI received 2nd life | D22: =_xlfn.XLOOKUP(B22,'[1]export (36)'!$AA:$AA,'[1]export (36)'!$R:$R,0) -> Export WHS | E22: 85 | F22: 126420001296 | G22: =IF(OR(H22=A22,I22=A22,J22=A22,K22=A22,L22=A22),"Найдено","Не найдено") -> Не найдено | H22: =_xlfn.XLOOKUP(B:B,Дубровин!A:A,Дубровин!B:B,"НЕ НАЙДЕНО") -> НЕ НАЙДЕНО | I22: =_xlfn.XLOOKUP(B:B,Рамила!A:A,Рамила!B:B,"НЕ НАЙДЕНО") -> НЕ НАЙДЕНО | J22: =_xlfn.XLOOKUP(B:B,Даут!A:A,Даут!B:B,"НЕ НАЙДЕНО") -> НЕ НАЙДЕНО | K22: =_xlfn.XLOOKUP(B:B,Грейдинг!A:A,Грейдинг!B:B,"НЕ НАЙДЕНО") -> НЕ НАЙДЕНО | L22: =_xlfn.XLOOKUP(B:B,Сервис!A:A,Сервис!B:B,"НЕ НАЙДЕНО") -> НЕ НАЙДЕНО
A23: 2Q00019713 | B23: 260226125315569474 | C23: =+_xlfn.XLOOKUP(B23,'[1]export (36)'!$AA:$AA,'[1]export (36)'!$N:$N,0) -> TI received 2nd life | D23: =_xlfn.XLOOKUP(B23,'[1]export (36)'!$AA:$AA,'[1]export (36)'!$R:$R,0) -> Export WHS | E23: 85 | F23: 126420001296 | G23: =IF(OR(H23=A23,I23=A23,J23=A23,K23=A23,L23=A23),"Найдено","Не найдено") -> Не найдено | H23: =_xlfn.XLOOKUP(B:B,Дубровин!A:A,Дубровин!B:B,"НЕ НАЙДЕНО") -> НЕ НАЙДЕНО | I23: =_xlfn.XLOOKUP(B:B,Рамила!A:A,Рамила!B:B,"НЕ НАЙДЕНО") -> НЕ НАЙДЕНО | J23: =_xlfn.XLOOKUP(B:B,Даут!A:A,Даут!B:B,"НЕ НАЙДЕНО") -> НЕ НАЙДЕНО | K23: =_xlfn.XLOOKUP(B:B,Грейдинг!A:A,Грейдинг!B:B,"НЕ НАЙДЕНО") -> НЕ НАЙДЕНО | L23: =_xlfn.XLOOKUP(B:B,Сервис!A:A,Сервис!B:B,"НЕ НАЙДЕНО") -> НЕ НАЙДЕНО
A24: 2Q00019712 | B24: 260226125315229884 | C24: =+_xlfn.XLOOKUP(B24,'[1]export (36)'!$AA:$AA,'[1]export (36)'!$N:$N,0) -> TI received 2nd life | D24: =_xlfn.XLOOKUP(B24,'[1]export (36)'!$AA:$AA,'[1]export (36)'!$R:$R,0) -> Export WHS | E24: 91 | F24: 126420001296 | G24: =IF(OR(H24=A24,I24=A24,J24=A24,K24=A24,L24=A24),"Найдено","Не найдено") -> Не найдено | H24: =_xlfn.XLOOKUP(B:B,Дубровин!A:A,Дубровин!B:B,"НЕ НАЙДЕНО") -> НЕ НАЙДЕНО | I24: =_xlfn.XLOOKUP(B:B,Рамила!A:A,Рамила!B:B,"НЕ НАЙДЕНО") -> НЕ НАЙДЕНО | J24: =_xlfn.XLOOKUP(B:B,Даут!A:A,Даут!B:B,"НЕ НАЙДЕНО") -> НЕ НАЙДЕНО | K24: =_xlfn.XLOOKUP(B:B,Грейдинг!A:A,Грейдинг!B:B,"НЕ НАЙДЕНО") -> НЕ НАЙДЕНО | L24: =_xlfn.XLOOKUP(B:B,Сервис!A:A,Сервис!B:B,"НЕ НАЙДЕНО") -> НЕ НАЙДЕНО
A25: 2Q00019711 | B25: 260226125314891543 | C25: =+_xlfn.XLOOKUP(B25,'[1]export (36)'!$AA:$AA,'[1]export (36)'!$N:$N,0) -> TI received 2nd life | D25: =_xlfn.XLOOKUP(B25,'[1]export (36)'!$AA:$AA,'[1]export (36)'!$R:$R,0) -> Export WHS | E25: 81 | F25: 126420001296 | G25: =IF(OR(H25=A25,I25=A25,J25=A25,K25=A25,L25=A25),"Найдено","Не найдено") -> Не найдено | H25: =_xlfn.XLOOKUP(B:B,Дубровин!A:A,Дубровин!B:B,"НЕ НАЙДЕНО") -> НЕ НАЙДЕНО | I25: =_xlfn.XLOOKUP(B:B,Рамила!A:A,Рамила!B:B,"НЕ НАЙДЕНО") -> НЕ НАЙДЕНО | J25: =_xlfn.XLOOKUP(B:B,Даут!A:A,Даут!B:B,"НЕ НАЙДЕНО") -> НЕ НАЙДЕНО | K25: =_xlfn.XLOOKUP(B:B,Грейдинг!A:A,Грейдинг!B:B,"НЕ НАЙДЕНО") -> НЕ НАЙДЕНО | L25: =_xlfn.XLOOKUP(B:B,Сервис!A:A,Сервис!B:B,"НЕ НАЙДЕНО") -> НЕ НАЙДЕНО
A26: 2Q00019710 | B26: 260226125314550602 | C26: =+_xlfn.XLOOKUP(B26,'[1]export (36)'!$AA:$AA,'[1]export (36)'!$N:$N,0) -> TI received 2nd life | D26: =_xlfn.XLOOKUP(B26,'[1]export (36)'!$AA:$AA,'[1]export (36)'!$R:$R,0) -> Export WHS | E26: 91 | F26: 126420001296 | G26: =IF(OR(H26=A26,I26=A26,J26=A26,K26=A26,L26=A26),"Найдено","Не найдено") -> Не найдено | H26: =_xlfn.XLOOKUP(B:B,Дубровин!A:A,Дубровин!B:B,"НЕ НАЙДЕНО") -> НЕ НАЙДЕНО | I26: =_xlfn.XLOOKUP(B:B,Рамила!A:A,Рамила!B:B,"НЕ НАЙДЕНО") -> НЕ НАЙДЕНО | J26: =_xlfn.XLOOKUP(B:B,Даут!A:A,Даут!B:B,"НЕ НАЙДЕНО") -> НЕ НАЙДЕНО | K26: =_xlfn.XLOOKUP(B:B,Грейдинг!A:A,Грейдинг!B:B,"НЕ НАЙДЕНО") -> НЕ НАЙДЕНО | L26: =_xlfn.XLOOKUP(B:B,Сервис!A:A,Сервис!B:B,"НЕ НАЙДЕНО") -> НЕ НАЙДЕНО
A27: 2Q00019709 | B27: 260226125314207312 | C27: =+_xlfn.XLOOKUP(B27,'[1]export (36)'!$AA:$AA,'[1]export (36)'!$N:$N,0) -> TI received 2nd life | D27: =_xlfn.XLOOKUP(B27,'[1]export (36)'!$AA:$AA,'[1]export (36)'!$R:$R,0) -> Export WHS | E27: 85 | F27: 126420001296 | G27: =IF(OR(H27=A27,I27=A27,J27=A27,K27=A27,L27=A27),"Найдено","Не найдено") -> Не найдено | H27: =_xlfn.XLOOKUP(B:B,Дубровин!A:A,Дубровин!B:B,"НЕ НАЙДЕНО") -> НЕ НАЙДЕНО | I27: =_xlfn.XLOOKUP(B:B,Рамила!A:A,Рамила!B:B,"НЕ НАЙДЕНО") -> НЕ НАЙДЕНО | J27: =_xlfn.XLOOKUP(B:B,Даут!A:A,Даут!B:B,"НЕ НАЙДЕНО") -> НЕ НАЙДЕНО | K27: =_xlfn.XLOOKUP(B:B,Грейдинг!A:A,Грейдинг!B:B,"НЕ НАЙДЕНО") -> НЕ НАЙДЕНО | L27: =_xlfn.XLOOKUP(B:B,Сервис!A:A,Сервис!B:B,"НЕ НАЙДЕНО") -> НЕ НАЙДЕНО
A28: 2Q00019708 | B28: 260226125313857276 | C28: =+_xlfn.XLOOKUP(B28,'[1]export (36)'!$AA:$AA,'[1]export (36)'!$N:$N,0) -> TI received 2nd life | D28: =_xlfn.XLOOKUP(B28,'[1]export (36)'!$AA:$AA,'[1]export (36)'!$R:$R,0) -> Export WHS | E28: 91 | F28: 126420001296 | G28: =IF(OR(H28=A28,I28=A28,J28=A28,K28=A28,L28=A28),"Найдено","Не найдено") -> Не найдено | H28: =_xlfn.XLOOKUP(B:B,Дубровин!A:A,Дубровин!B:B,"НЕ НАЙДЕНО") -> НЕ НАЙДЕНО | I28: =_xlfn.XLOOKUP(B:B,Рамила!A:A,Рамила!B:B,"НЕ НАЙДЕНО") -> НЕ НАЙДЕНО | J28: =_xlfn.XLOOKUP(B:B,Даут!A:A,Даут!B:B,"НЕ НАЙДЕНО") -> НЕ НАЙДЕНО | K28: =_xlfn.XLOOKUP(B:B,Грейдинг!A:A,Грейдинг!B:B,"НЕ НАЙДЕНО") -> НЕ НАЙДЕНО | L28: =_xlfn.XLOOKUP(B:B,Сервис!A:A,Сервис!B:B,"НЕ НАЙДЕНО") -> НЕ НАЙДЕНО
A29: 2Q00019707 | B29: 260226125313503674 | C29: =+_xlfn.XLOOKUP(B29,'[1]export (36)'!$AA:$AA,'[1]export (36)'!$N:$N,0) -> TI received 2nd life | D29: =_xlfn.XLOOKUP(B29,'[1]export (36)'!$AA:$AA,'[1]export (36)'!$R:$R,0) -> Export WHS | E29: 81 | F29: 126420001296 | G29: =IF(OR(H29=A29,I29=A29,J29=A29,K29=A29,L29=A29),"Найдено","Не найдено") -> Не найдено | H29: =_xlfn.XLOOKUP(B:B,Дубровин!A:A,Дубровин!B:B,"НЕ НАЙДЕНО") -> НЕ НАЙДЕНО | I29: =_xlfn.XLOOKUP(B:B,Рамила!A:A,Рамила!B:B,"НЕ НАЙДЕНО") -> НЕ НАЙДЕНО | J29: =_xlfn.XLOOKUP(B:B,Даут!A:A,Даут!B:B,"НЕ НАЙДЕНО") -> НЕ НАЙДЕНО | K29: =_xlfn.XLOOKUP(B:B,Грейдинг!A:A,Грейдинг!B:B,"НЕ НАЙДЕНО") -> НЕ НАЙДЕНО | L29: =_xlfn.XLOOKUP(B:B,Сервис!A:A,Сервис!B:B,"НЕ НАЙДЕНО") -> НЕ НАЙДЕНО
A30: 2Q00019706 | B30: 260226125313154071 | C30: =+_xlfn.XLOOKUP(B30,'[1]export (36)'!$AA:$AA,'[1]export (36)'!$N:$N,0) -> TI received 2nd life | D30: =_xlfn.XLOOKUP(B30,'[1]export (36)'!$AA:$AA,'[1]export (36)'!$R:$R,0) -> Export WHS | E30: 81 | F30: 126420001296 | G30: =IF(OR(H30=A30,I30=A30,J30=A30,K30=A30,L30=A30),"Найдено","Не найдено") -> Не найдено | H30: =_xlfn.XLOOKUP(B:B,Дубровин!A:A,Дубровин!B:B,"НЕ НАЙДЕНО") -> НЕ НАЙДЕНО | I30: =_xlfn.XLOOKUP(B:B,Рамила!A:A,Рамила!B:B,"НЕ НАЙДЕНО") -> НЕ НАЙДЕНО | J30: =_xlfn.XLOOKUP(B:B,Даут!A:A,Даут!B:B,"НЕ НАЙДЕНО") -> НЕ НАЙДЕНО | K30: =_xlfn.XLOOKUP(B:B,Грейдинг!A:A,Грейдинг!B:B,"НЕ НАЙДЕНО") -> НЕ НАЙДЕНО | L30: =_xlfn.XLOOKUP(B:B,Сервис!A:A,Сервис!B:B,"НЕ НАЙДЕНО") -> НЕ НАЙДЕНО
A31: 2Q00019705 | B31: 260226125312715070 | C31: =+_xlfn.XLOOKUP(B31,'[1]export (36)'!$AA:$AA,'[1]export (36)'!$N:$N,0) -> TI received 2nd life | D31: =_xlfn.XLOOKUP(B31,'[1]export (36)'!$AA:$AA,'[1]export (36)'!$R:$R,0) -> Export WHS | E31: 91 | F31: 126420001296 | G31: =IF(OR(H31=A31,I31=A31,J31=A31,K31=A31,L31=A31),"Найдено","Не найдено") -> Не найдено | H31: =_xlfn.XLOOKUP(B:B,Дубровин!A:A,Дубровин!B:B,"НЕ НАЙДЕНО") -> НЕ НАЙДЕНО | I31: =_xlfn.XLOOKUP(B:B,Рамила!A:A,Рамила!B:B,"НЕ НАЙДЕНО") -> НЕ НАЙДЕНО | J31: =_xlfn.XLOOKUP(B:B,Даут!A:A,Даут!B:B,"НЕ НАЙДЕНО") -> НЕ НАЙДЕНО | K31: =_xlfn.XLOOKUP(B:B,Грейдинг!A:A,Грейдинг!B:B,"НЕ НАЙДЕНО") -> НЕ НАЙДЕНО | L31: =_xlfn.XLOOKUP(B:B,Сервис!A:A,Сервис!B:B,"НЕ НАЙДЕНО") -> НЕ НАЙДЕНО
... A1817: 2BMQ18300670 | B1817: 260214092925292734 | C1817: =+_xlfn.XLOOKUP(B1817,'[1]export (36)'!$AA:$AA,'[1]export (36)'!$N:$N,0) -> Stock in AGC | D1817: =_xlfn.XLOOKUP(B1817,'[1]export (36)'!$AA:$AA,'[1]export (36)'!$R:$R,0) -> TI goods to grade | E1817: 418 | F1817: 126420001323 | G1817: =IF(OR(H1817=A1817,I1817=A1817,J1817=A1817,K1817=A1817,L1817=A1817),"Найдено","Не найдено") -> Не найдено | H1817: =_xlfn.XLOOKUP(B:B,Дубровин!A:A,Дубровин!B:B,"НЕ НАЙДЕНО") -> НЕ НАЙДЕНО | I1817: =_xlfn.XLOOKUP(B:B,Рамила!A:A,Рамила!B:B,"НЕ НАЙДЕНО") -> НЕ НАЙДЕНО | J1817: =_xlfn.XLOOKUP(B:B,Даут!A:A,Даут!B:B,"НЕ НАЙДЕНО") -> НЕ НАЙДЕНО | K1817: =_xlfn.XLOOKUP(B:B,Грейдинг!A:A,Грейдинг!B:B,"НЕ НАЙДЕНО") -> НЕ НАЙДЕНО | L1817: =_xlfn.XLOOKUP(B:B,Сервис!A:A,Сервис!B:B,"НЕ НАЙДЕНО") -> НЕ НАЙДЕНО

Sheet Дубровин
A1: Device ID | B1: SKU | C1: Инвойс
B2: =_xlfn.XLOOKUP(A2,Data!B:B,Data!A:A,0) -> 0 | C2: =_xlfn.XLOOKUP(A2,Data!B:B,Data!F:F,0) -> 0 | G2: Найдено: | H2: =COUNTIFS(B:B,"<>0",B:B,"<>SKU",B:B,"<>") -> 0
B3: =_xlfn.XLOOKUP(A3,Data!B:B,Data!A:A,0) -> 0 | C3: =_xlfn.XLOOKUP(A3,Data!B:B,Data!F:F,0) -> 0
B4: =_xlfn.XLOOKUP(A4,Data!B:B,Data!A:A,0) -> 0 | C4: =_xlfn.XLOOKUP(A4,Data!B:B,Data!F:F,0) -> 0
B5: =_xlfn.XLOOKUP(A5,Data!B:B,Data!A:A,0) -> 0 | C5: =_xlfn.XLOOKUP(A5,Data!B:B,Data!F:F,0) -> 0
B6: =_xlfn.XLOOKUP(A6,Data!B:B,Data!A:A,0) -> 0 | C6: =_xlfn.XLOOKUP(A6,Data!B:B,Data!F:F,0) -> 0
B7: =_xlfn.XLOOKUP(A7,Data!B:B,Data!A:A,0) -> 0 | C7: =_xlfn.XLOOKUP(A7,Data!B:B,Data!F:F,0) -> 0
B8: =_xlfn.XLOOKUP(A8,Data!B:B,Data!A:A,0) -> 0 | C8: =_xlfn.XLOOKUP(A8,Data!B:B,Data!F:F,0) -> 0
B9: =_xlfn.XLOOKUP(A9,Data!B:B,Data!A:A,0) -> 0 | C9: =_xlfn.XLOOKUP(A9,Data!B:B,Data!F:F,0) -> 0
B10: =_xlfn.XLOOKUP(A10,Data!B:B,Data!A:A,0) -> 0 | C10: =_xlfn.XLOOKUP(A10,Data!B:B,Data!F:F,0) -> 0
B11: =_xlfn.XLOOKUP(A11,Data!B:B,Data!A:A,0) -> 0 | C11: =_xlfn.XLOOKUP(A11,Data!B:B,Data!F:F,0) -> 0
B12: =_xlfn.XLOOKUP(A12,Data!B:B,Data!A:A,0) -> 0 | C12: =_xlfn.XLOOKUP(A12,Data!B:B,Data!F:F,0) -> 0
B13: =_xlfn.XLOOKUP(A13,Data!B:B,Data!A:A,0) -> 0 | C13: =_xlfn.XLOOKUP(A13,Data!B:B,Data!F:F,0) -> 0
B14: =_xlfn.XLOOKUP(A14,Data!B:B,Data!A:A,0) -> 0 | C14: =_xlfn.XLOOKUP(A14,Data!B:B,Data!F:F,0) -> 0
... B8376: =_xlfn.XLOOKUP(A8376,Data!B:B,Data!A:A,0) -> 0 | C8376: =_xlfn.XLOOKUP(A8376,Data!B:B,Data!F:F,0) -> 0

Sheet Рамила
A1: Device ID | B1: SKU | C1: Инвойс
B2: =_xlfn.XLOOKUP(A2,Data!B:B,Data!A:A,0) -> 0 | C2: =_xlfn.XLOOKUP(A2,Data!B:B,Data!F:F,0) -> 0 | G2: Найдено: | H2: =COUNTIFS(B:B,"<>0",B:B,"<>SKU",B:B,"<>") -> 0
B3: =_xlfn.XLOOKUP(A3,Data!B:B,Data!A:A,0) -> 0 | C3: =_xlfn.XLOOKUP(A3,Data!B:B,Data!F:F,0) -> 0
B4: =_xlfn.XLOOKUP(A4,Data!B:B,Data!A:A,0) -> 0 | C4: =_xlfn.XLOOKUP(A4,Data!B:B,Data!F:F,0) -> 0
B5: =_xlfn.XLOOKUP(A5,Data!B:B,Data!A:A,0) -> 0 | C5: =_xlfn.XLOOKUP(A5,Data!B:B,Data!F:F,0) -> 0
B6: =_xlfn.XLOOKUP(A6,Data!B:B,Data!A:A,0) -> 0 | C6: =_xlfn.XLOOKUP(A6,Data!B:B,Data!F:F,0) -> 0
B7: =_xlfn.XLOOKUP(A7,Data!B:B,Data!A:A,0) -> 0 | C7: =_xlfn.XLOOKUP(A7,Data!B:B,Data!F:F,0) -> 0
B8: =_xlfn.XLOOKUP(A8,Data!B:B,Data!A:A,0) -> 0 | C8: =_xlfn.XLOOKUP(A8,Data!B:B,Data!F:F,0) -> 0
B9: =_xlfn.XLOOKUP(A9,Data!B:B,Data!A:A,0) -> 0 | C9: =_xlfn.XLOOKUP(A9,Data!B:B,Data!F:F,0) -> 0
B10: =_xlfn.XLOOKUP(A10,Data!B:B,Data!A:A,0) -> 0 | C10: =_xlfn.XLOOKUP(A10,Data!B:B,Data!F:F,0) -> 0
B11: =_xlfn.XLOOKUP(A11,Data!B:B,Data!A:A,0) -> 0 | C11: =_xlfn.XLOOKUP(A11,Data!B:B,Data!F:F,0) -> 0
B12: =_xlfn.XLOOKUP(A12,Data!B:B,Data!A:A,0) -> 0 | C12: =_xlfn.XLOOKUP(A12,Data!B:B,Data!F:F,0) -> 0
B13: =_xlfn.XLOOKUP(A13,Data!B:B,Data!A:A,0) -> 0 | C13: =_xlfn.XLOOKUP(A13,Data!B:B,Data!F:F,0) -> 0
B14: =_xlfn.XLOOKUP(A14,Data!B:B,Data!A:A,0) -> 0 | C14: =_xlfn.XLOOKUP(A14,Data!B:B,Data!F:F,0) -> 0
... B8376: =_xlfn.XLOOKUP(A8376,Data!B:B,Data!A:A,0) -> 0 | C8376: =_xlfn.XLOOKUP(A8376,Data!B:B,Data!F:F,0) -> 0

Sheet Даут
A1: Device ID | B1: SKU | C1: Инвойс
B2: =_xlfn.XLOOKUP(A2,Data!B:B,Data!A:A,0) -> 0 | C2: =_xlfn.XLOOKUP(A2,Data!B:B,Data!F:F,0) -> 0 | G2: Найдено: | H2: =COUNTIFS(B:B,"<>0",B:B,"<>SKU",B:B,"<>") -> 0
B3: =_xlfn.XLOOKUP(A3,Data!B:B,Data!A:A,0) -> 0 | C3: =_xlfn.XLOOKUP(A3,Data!B:B,Data!F:F,0) -> 0
B4: =_xlfn.XLOOKUP(A4,Data!B:B,Data!A:A,0) -> 0 | C4: =_xlfn.XLOOKUP(A4,Data!B:B,Data!F:F,0) -> 0
B5: =_xlfn.XLOOKUP(A5,Data!B:B,Data!A:A,0) -> 0 | C5: =_xlfn.XLOOKUP(A5,Data!B:B,Data!F:F,0) -> 0
B6: =_xlfn.XLOOKUP(A6,Data!B:B,Data!A:A,0) -> 0 | C6: =_xlfn.XLOOKUP(A6,Data!B:B,Data!F:F,0) -> 0
B7: =_xlfn.XLOOKUP(A7,Data!B:B,Data!A:A,0) -> 0 | C7: =_xlfn.XLOOKUP(A7,Data!B:B,Data!F:F,0) -> 0
B8: =_xlfn.XLOOKUP(A8,Data!B:B,Data!A:A,0) -> 0 | C8: =_xlfn.XLOOKUP(A8,Data!B:B,Data!F:F,0) -> 0
B9: =_xlfn.XLOOKUP(A9,Data!B:B,Data!A:A,0) -> 0 | C9: =_xlfn.XLOOKUP(A9,Data!B:B,Data!F:F,0) -> 0
B10: =_xlfn.XLOOKUP(A10,Data!B:B,Data!A:A,0) -> 0 | C10: =_xlfn.XLOOKUP(A10,Data!B:B,Data!F:F,0) -> 0
B11: =_xlfn.XLOOKUP(A11,Data!B:B,Data!A:A,0) -> 0 | C11: =_xlfn.XLOOKUP(A11,Data!B:B,Data!F:F,0) -> 0
B12: =_xlfn.XLOOKUP(A12,Data!B:B,Data!A:A,0) -> 0 | C12: =_xlfn.XLOOKUP(A12,Data!B:B,Data!F:F,0) -> 0
B13: =_xlfn.XLOOKUP(A13,Data!B:B,Data!A:A,0) -> 0 | C13: =_xlfn.XLOOKUP(A13,Data!B:B,Data!F:F,0) -> 0
B14: =_xlfn.XLOOKUP(A14,Data!B:B,Data!A:A,0) -> 0 | C14: =_xlfn.XLOOKUP(A14,Data!B:B,Data!F:F,0) -> 0
... B8376: =_xlfn.XLOOKUP(A8376,Data!B:B,Data!A:A,0) -> 0 | C8376: =_xlfn.XLOOKUP(A8376,Data!B:B,Data!F:F,0) -> 0

Sheet Грейдинг
A1: Device ID | B1: SKU | C1: Инвойс
B2: =_xlfn.XLOOKUP(A2,Data!B:B,Data!A:A,0) -> 0 | C2: =_xlfn.XLOOKUP(A2,Data!B:B,Data!F:F,0) -> 0 | G2: Найдено: | H2: =COUNTIFS(B:B,"<>0",B:B,"<>SKU",B:B,"<>") -> 0
B3: =_xlfn.XLOOKUP(A3,Data!B:B,Data!A:A,0) -> 0 | C3: =_xlfn.XLOOKUP(A3,Data!B:B,Data!F:F,0) -> 0
B4: =_xlfn.XLOOKUP(A4,Data!B:B,Data!A:A,0) -> 0 | C4: =_xlfn.XLOOKUP(A4,Data!B:B,Data!F:F,0) -> 0
B5: =_xlfn.XLOOKUP(A5,Data!B:B,Data!A:A,0) -> 0 | C5: =_xlfn.XLOOKUP(A5,Data!B:B,Data!F:F,0) -> 0
B6: =_xlfn.XLOOKUP(A6,Data!B:B,Data!A:A,0) -> 0 | C6: =_xlfn.XLOOKUP(A6,Data!B:B,Data!F:F,0) -> 0
B7: =_xlfn.XLOOKUP(A7,Data!B:B,Data!A:A,0) -> 0 | C7: =_xlfn.XLOOKUP(A7,Data!B:B,Data!F:F,0) -> 0
B8: =_xlfn.XLOOKUP(A8,Data!B:B,Data!A:A,0) -> 0 | C8: =_xlfn.XLOOKUP(A8,Data!B:B,Data!F:F,0) -> 0
B9: =_xlfn.XLOOKUP(A9,Data!B:B,Data!A:A,0) -> 0 | C9: =_xlfn.XLOOKUP(A9,Data!B:B,Data!F:F,0) -> 0
B10: =_xlfn.XLOOKUP(A10,Data!B:B,Data!A:A,0) -> 0 | C10: =_xlfn.XLOOKUP(A10,Data!B:B,Data!F:F,0) -> 0
B11: =_xlfn.XLOOKUP(A11,Data!B:B,Data!A:A,0) -> 0 | C11: =_xlfn.XLOOKUP(A11,Data!B:B,Data!F:F,0) -> 0
B12: =_xlfn.XLOOKUP(A12,Data!B:B,Data!A:A,0) -> 0 | C12: =_xlfn.XLOOKUP(A12,Data!B:B,Data!F:F,0) -> 0
B13: =_xlfn.XLOOKUP(A13,Data!B:B,Data!A:A,0) -> 0 | C13: =_xlfn.XLOOKUP(A13,Data!B:B,Data!F:F,0) -> 0
B14: =_xlfn.XLOOKUP(A14,Data!B:B,Data!A:A,0) -> 0 | C14: =_xlfn.XLOOKUP(A14,Data!B:B,Data!F:F,0) -> 0
... B8376: =_xlfn.XLOOKUP(A8376,Data!B:B,Data!A:A,0) -> 0 | C8376: =_xlfn.XLOOKUP(A8376,Data!B:B,Data!F:F,0) -> 0

Sheet Сервис
A1: Device ID | B1: SKU | C1: Инвойс
B2: =_xlfn.XLOOKUP(A2,Data!B:B,Data!A:A,0) -> 0 | C2: =_xlfn.XLOOKUP(A2,Data!B:B,Data!F:F,0) -> 0 | G2: Найдено: | H2: =COUNTIFS(B:B,"<>0",B:B,"<>SKU",B:B,"<>") -> 0
B3: =_xlfn.XLOOKUP(A3,Data!B:B,Data!A:A,0) -> 0 | C3: =_xlfn.XLOOKUP(A3,Data!B:B,Data!F:F,0) -> 0
B4: =_xlfn.XLOOKUP(A4,Data!B:B,Data!A:A,0) -> 0 | C4: =_xlfn.XLOOKUP(A4,Data!B:B,Data!F:F,0) -> 0
B5: =_xlfn.XLOOKUP(A5,Data!B:B,Data!A:A,0) -> 0 | C5: =_xlfn.XLOOKUP(A5,Data!B:B,Data!F:F,0) -> 0
B6: =_xlfn.XLOOKUP(A6,Data!B:B,Data!A:A,0) -> 0 | C6: =_xlfn.XLOOKUP(A6,Data!B:B,Data!F:F,0) -> 0
B7: =_xlfn.XLOOKUP(A7,Data!B:B,Data!A:A,0) -> 0 | C7: =_xlfn.XLOOKUP(A7,Data!B:B,Data!F:F,0) -> 0
B8: =_xlfn.XLOOKUP(A8,Data!B:B,Data!A:A,0) -> 0 | C8: =_xlfn.XLOOKUP(A8,Data!B:B,Data!F:F,0) -> 0
B9: =_xlfn.XLOOKUP(A9,Data!B:B,Data!A:A,0) -> 0 | C9: =_xlfn.XLOOKUP(A9,Data!B:B,Data!F:F,0) -> 0
B10: =_xlfn.XLOOKUP(A10,Data!B:B,Data!A:A,0) -> 0 | C10: =_xlfn.XLOOKUP(A10,Data!B:B,Data!F:F,0) -> 0
B11: =_xlfn.XLOOKUP(A11,Data!B:B,Data!A:A,0) -> 0 | C11: =_xlfn.XLOOKUP(A11,Data!B:B,Data!F:F,0) -> 0
B12: =_xlfn.XLOOKUP(A12,Data!B:B,Data!A:A,0) -> 0 | C12: =_xlfn.XLOOKUP(A12,Data!B:B,Data!F:F,0) -> 0
B13: =_xlfn.XLOOKUP(A13,Data!B:B,Data!A:A,0) -> 0 | C13: =_xlfn.XLOOKUP(A13,Data!B:B,Data!F:F,0) -> 0
B14: =_xlfn.XLOOKUP(A14,Data!B:B,Data!A:A,0) -> 0 | C14: =_xlfn.XLOOKUP(A14,Data!B:B,Data!F:F,0) -> 0
... B8376: =_xlfn.XLOOKUP(A8376,Data!B:B,Data!A:A,0) -> 0 | C8376: =_xlfn.XLOOKUP(A8376,Data!B:B,Data!F:F,0) -> 0
